{"stats":{"minecraft:custom":{"minecraft:jump":39,"minecraft:time_since_rest":41139,"minecraft:crouch_one_cm":152,"minecraft:sprint_one_cm":3829,"minecraft:play_time":41139,"minecraft:walk_on_water_one_cm":601,"minecraft:time_since_death":41139,"minecraft:walk_one_cm":2958,"minecraft:sneak_time":523,"minecraft:total_world_time":41139,"minecraft:walk_under_water_one_cm":8616,"minecraft:fly_one_cm":902851},"minecraft:used":{"minecraft:smooth_quartz_stairs":1,"minecraft:black_wool":251,"minecraft:smooth_quartz":13,"minecraft:birch_planks":1}},"DataVersion":3465}