{"stats":{"minecraft:custom":{"minecraft:time_since_rest":83139,"minecraft:sprint_one_cm":32580,"minecraft:walk_one_cm":79238,"minecraft:fly_one_cm":1109831,"minecraft:crouch_one_cm":560,"minecraft:play_time":83139,"minecraft:sneak_time":1606,"minecraft:walk_under_water_one_cm":8616,"minecraft:jump":201,"minecraft:walk_on_water_one_cm":601,"minecraft:time_since_death":83139,"minecraft:total_world_time":83139},"minecraft:used":{"fantasyfurniture:royal/shelf":4,"minecraft:light":25,"minecraft:end_rod":1,"minecraft:black_wool":251,"luphieclutteredmod:luphie_black_armchair":7,"moa_decor_garden_:florero_taciano":3,"minecraft:flint_and_steel":5,"copycats:copycat_beam":9,"fantasyfurniture:decorations/royal_wall_mirror_large":6,"minecraft:birch_planks":10,"minecraft:smooth_quartz_slab":132,"minecraft:red_concrete":7,"fantasyfurniture:decorations/royal_candelabra":6,"moa_decor_garden_:maceta_tazaleaflorecida":3,"minecraft:white_concrete_powder":1,"minecraft:white_terracotta":27,"fantasyfurniture:nordic/floor_light":2,"minecraft:cherry_planks":12,"beautify:hanging_pot":4,"beautify:botanist_workbench":1,"minecraft:cherry_leaves":240,"minecraft:smooth_quartz":45,"luphieclutteredmod:seaweed_planter":5,"minecraft:pink_wool":23,"minecraft:smooth_quartz_stairs":18,"another_furniture:dark_oak_bench":72,"minecraft:pink_candle":12,"minecraft:sand":31,"fantasyfurniture:royal/floor_light":9,"fantasyfurniture:decorations/nordic_boiled_creme_treats":2,"fantasyfurniture:decorations/royal_platter":4,"copycats:copycat_slab":10,"fantasyfurniture:decorations/bronze_chain":1,"fantasyfurniture:decorations/royal_chalices":3,"minecraft:chiseled_quartz_block":6,"minecraft:white_concrete":26,"minecraft:pink_carpet":155,"caupona:stew_pot":1,"fantasyfurniture:decorations/royal_cushioned_crown":1},"minecraft:picked_up":{"minecraft:pink_carpet":7,"minecraft:sand":4}},"DataVersion":3465}