{"stats":{"minecraft:custom":{"minecraft:time_since_rest":53139,"minecraft:crouch_one_cm":229,"minecraft:play_time":53139,"minecraft:sprint_one_cm":10162,"minecraft:walk_one_cm":11646,"minecraft:sneak_time":922,"minecraft:walk_under_water_one_cm":8616,"minecraft:jump":77,"minecraft:time_since_death":53139,"minecraft:walk_on_water_one_cm":601,"minecraft:total_world_time":53139,"minecraft:fly_one_cm":934922},"minecraft:used":{"minecraft:smooth_quartz_stairs":8,"minecraft:black_wool":251,"luphieclutteredmod:luphie_black_armchair":5,"minecraft:birch_planks":6,"minecraft:red_concrete":7,"fantasyfurniture:decorations/bronze_chain":1,"fantasyfurniture:decorations/royal_candelabra":2,"fantasyfurniture:decorations/royal_chalices":2,"minecraft:white_concrete_powder":1,"fantasyfurniture:nordic/floor_light":2,"minecraft:smooth_quartz":37,"minecraft:white_terracotta":16,"minecraft:white_concrete":26,"caupona:stew_pot":1,"beautify:botanist_workbench":1,"minecraft:cherry_leaves":132,"beautify:hanging_pot":4,"luphieclutteredmod:seaweed_planter":3}},"DataVersion":3465}