{"stats":{"minecraft:custom":{"minecraft:time_since_rest":65139,"minecraft:crouch_one_cm":317,"minecraft:play_time":65139,"minecraft:sprint_one_cm":15967,"minecraft:walk_one_cm":55203,"minecraft:sneak_time":1007,"minecraft:walk_under_water_one_cm":8616,"minecraft:jump":130,"minecraft:time_since_death":65139,"minecraft:walk_on_water_one_cm":601,"minecraft:total_world_time":65139,"minecraft:fly_one_cm":953722},"minecraft:used":{"fantasyfurniture:royal/shelf":4,"minecraft:smooth_quartz_stairs":8,"another_furniture:dark_oak_bench":72,"minecraft:black_wool":251,"moa_decor_garden_:florero_taciano":3,"luphieclutteredmod:luphie_black_armchair":7,"fantasyfurniture:royal/floor_light":7,"fantasyfurniture:decorations/royal_platter":4,"fantasyfurniture:decorations/nordic_boiled_creme_treats":2,"copycats:copycat_slab":10,"fantasyfurniture:decorations/royal_wall_mirror_large":6,"minecraft:smooth_quartz_slab":13,"minecraft:birch_planks":10,"minecraft:red_concrete":7,"moa_decor_garden_:maceta_tazaleaflorecida":3,"minecraft:pink_carpet":155,"fantasyfurniture:decorations/royal_cushioned_crown":1,"fantasyfurniture:decorations/bronze_chain":1,"fantasyfurniture:decorations/royal_candelabra":6,"fantasyfurniture:decorations/royal_chalices":3,"minecraft:white_concrete_powder":1,"fantasyfurniture:nordic/floor_light":2,"minecraft:smooth_quartz":41,"minecraft:white_terracotta":27,"minecraft:white_concrete":26,"caupona:stew_pot":1,"beautify:botanist_workbench":1,"minecraft:cherry_leaves":132,"beautify:hanging_pot":4,"luphieclutteredmod:seaweed_planter":5,"minecraft:pink_wool":23},"minecraft:picked_up":{"minecraft:pink_carpet":7}},"DataVersion":3465}