{"stats":{"minecraft:picked_up":{"minecraft:pink_petals":10,"minecraft:azure_bluet":2,"minecraft:wheat_seeds":2,"minecraft:sugar_cane":2,"beautify:hanging_pot":1,"minecraft:dandelion":2,"minecraft:sand":33,"minecraft:sunflower":7},"minecraft:dropped":{"minecraft:stone":1,"minecraft:pink_petals":7},"minecraft:custom":{"minecraft:leave_game":7,"minecraft:time_since_death":365698,"minecraft:time_since_rest":365698,"minecraft:sprint_one_cm":100599,"minecraft:walk_one_cm":302444,"minecraft:drop":2,"minecraft:swim_one_cm":956,"minecraft:fly_one_cm":3339512,"minecraft:crouch_one_cm":12051,"minecraft:play_time":365698,"minecraft:sneak_time":18784,"minecraft:walk_under_water_one_cm":6008,"minecraft:jump":639,"minecraft:walk_on_water_one_cm":11363,"minecraft:total_world_time":431817},"minecraft:used":{"minecraft:calcite":31,"moa_decor_garden_:florero_thelecho":3,"minecraft:rose_bush":3,"minecraft:iron_bars":4,"moa_decor_garden_:hongorojo_2":7,"minecraft:flint_and_steel":16,"minecraft:birch_planks":229,"minecraft:smooth_quartz_slab":1085,"minecraft:poppy":1,"cfm:black_grill":3,"moa_decor_cookery:barrilpapa":3,"moa_decor_garden_:pala_carena":1,"moa_decor_cookery:barrilcerrado":2,"minecraft:cherry_planks":54,"minecraft:sandstone":15,"minecraft:stone":1423,"fantasyfurniture:royal/table_small":7,"moa_decor_garden_:sombrillacian":10,"beautify:hanging_pot":9,"moa_decor_cookery:pizza":1,"beautify:crimson_blinds":5,"moa_decor_garden_:camastroabedul":6,"cozy_home:dark_oak_chair":5,"beautify:lamp_bamboo":6,"minecraft:oak_leaves":3,"cozy_home:oak_mirror_stand":2,"cfm:rock_path":95,"minecraft:smooth_quartz_stairs":861,"minecraft:white_candle":21,"minecraft:torch":15,"minecraft:pink_concrete":104,"copycats:copycat_board":4,"minecraft:pink_candle":28,"beautify:spruce_trellis":3,"minecraft:dirt":143,"cfm:cyan_cooler":3,"minecraft:sand":730,"minecraft:lily_of_the_valley":1,"moa_decor_garden_:caminodepiedra":20,"copycats:copycat_slab":156,"cozy_home:sofa_gray":1,"fantasyfurniture:royal/desk_left":1,"create:copycat_panel":6,"fantasyfurniture:royal/chandelier":1,"moa_decor_garden_:asador":8,"minecraft:campfire":2,"minecraft:granite":18,"minecraft:azure_bluet":1,"cozy_home:large_oak_stump":8,"moa_decor_science:globoterraqueo":1,"moa_decor_cookery:pavo":5,"minecraft:black_concrete":96,"cfm:door_mat":1,"minecraft:light":31,"minecraft:flowering_azalea":1,"minecraft:cornflower":1,"minecraft:oxeye_daisy":3,"moa_decor_cookery:barrilbetabel":1,"copycats:copycat_beam":35,"minecraft:lantern":14,"minecraft:grass_block":699,"fantasyfurniture:nordic/chair":1,"minecraft:warped_fence":3,"moa_decor_science:microscopio":1,"moa_decor_cookery:pastelgrande":1,"cozy_home:spruce_table":22,"minecraft:stone_slab":29,"fantasyfurniture:dunmer/chair":7,"minecraft:cherry_leaves":215,"minecraft:smooth_quartz":2021,"minecraft:gravel":11,"minecraft:flowering_azalea_leaves":18,"cozy_home:oak_desk":6,"create:zinc_ore":20,"minecraft:lilac":3,"fantasyfurniture:royal/desk_right":1,"create:polished_cut_calcite_slab":2,"fantasyfurniture:royal/table_wide":2,"create:polished_cut_calcite":1,"moa_decor_garden_:m_pcerezo":6,"cozy_home:spruce_drawer":1,"fantasyfurniture:bone/skeleton/chair":1,"moa_decor_cookery:pancortado":1,"cozy_home:mangrove_chair":2,"minecraft:azalea_leaves":142,"minecraft:cherry_stairs":79,"minecraft:tall_grass":1,"minecraft:sweet_berries":3,"cfm:azalea_hedge":1,"minecraft:stripped_oak_wood":6,"moa_decor_garden_:piedras":20,"create:polished_cut_calcite_wall":1,"beautify:rope":25,"moa_decor_cookery:pandemuerto":2,"fantasyfurniture:venthyr/chair":5,"copycats:copycat_trapdoor":13,"minecraft:coarse_dirt":24,"minecraft:dandelion":1,"copycats:copycat_vertical_slice":10,"moa_decor_science:telescopio":2,"fantasyfurniture:royal/dresser":1,"cozy_home:spruce_desk":22}},"DataVersion":3465}