{
  "minecraft:recipes/decorations/crafting_table": {
    "criteria": {
      "unlock_right_away": "2024-07-05 01:12:26 +0000"
    },
    "done": true
  },
  "beautify:progression/root": {
    "criteria": {
      "Install": "2024-07-05 01:12:26 +0000"
    },
    "done": true
  },
  "pint_decorations:allrecette": {
    "criteria": {
      "allrecette": "2024-07-05 01:12:26 +0000"
    },
    "done": true
  },
  "minecraft:adventure/adventuring_time": {
    "criteria": {
      "minecraft:beach": "2024-07-05 01:16:15 +0000",
      "minecraft:river": "2024-07-05 01:16:21 +0000",
      "minecraft:plains": "2024-07-05 01:12:27 +0000"
    },
    "done": false
  },
  "DataVersion": 3465
}