{
  "minecraft:recipes/decorations/crafting_table": {
    "criteria": {
      "unlock_right_away": "2024-07-05 01:12:26 +0000"
    },
    "done": true
  },
  "beautify:progression/root": {
    "criteria": {
      "Install": "2024-07-05 01:12:26 +0000"
    },
    "done": true
  },
  "pint_decorations:allrecette": {
    "criteria": {
      "allrecette": "2024-07-05 01:12:26 +0000"
    },
    "done": true
  },
  "minecraft:adventure/adventuring_time": {
    "criteria": {
      "minecraft:snowy_slopes": "2024-07-07 00:58:41 +0000",
      "minecraft:beach": "2024-07-05 01:16:15 +0000",
      "minecraft:mangrove_swamp": "2024-07-07 00:57:47 +0000",
      "minecraft:river": "2024-07-05 01:16:21 +0000",
      "minecraft:stony_shore": "2024-07-07 00:58:50 +0000",
      "minecraft:jungle": "2024-07-07 00:57:56 +0000",
      "minecraft:ocean": "2024-07-07 00:58:52 +0000",
      "minecraft:meadow": "2024-07-07 00:58:22 +0000",
      "minecraft:plains": "2024-07-05 01:12:27 +0000"
    },
    "done": false
  },
  "DataVersion": 3465
}